{
  "mean": [
    334.20343698026653,
    235.70602096443378,
    18.08401998444107,
    31.0572,
    14.308173334321147,
    57.1288,
    0.5542016228801727,
    3.941,
    263.51458845015827,
    17.1733760096802
  ],
  "scale": [
    186.92713169032245,
    143.53790330452287,
    9.192704926134168,
    25.47841298354354,
    15.433730901723232,
    36.55228324687803,
    0.2658206597158282,
    5.006387819576107,
    215.21925653376843,
    15.730477371468968
  ],
  "feature_names": [
    "eye_fixation_duration_ms",
    "eye_saccade_velocity",
    "eye_blink_rate",
    "mouse_movements_per_min",
    "mouse_idle_time_sec",
    "keyboard_strokes_per_min",
    "keyboard_burst_pattern",
    "tab_switches_per_min",
    "scroll_speed_px_per_sec",
    "time_on_task_min"
  ]
}